-- phpMyAdmin SQL Dump
-- version 4.0.4.1
-- http://www.phpmyadmin.net
--
-- Host: 127.0.0.1
-- Generation Time: Sep 08, 2014 at 05:13 PM
-- Server version: 5.5.32
-- PHP Version: 5.4.16

SET SQL_MODE = "NO_AUTO_VALUE_ON_ZERO";
SET time_zone = "+00:00";


/*!40101 SET @OLD_CHARACTER_SET_CLIENT=@@CHARACTER_SET_CLIENT */;
/*!40101 SET @OLD_CHARACTER_SET_RESULTS=@@CHARACTER_SET_RESULTS */;
/*!40101 SET @OLD_COLLATION_CONNECTION=@@COLLATION_CONNECTION */;
/*!40101 SET NAMES utf8 */;

--
-- Database: `bipatas_ci`
--
CREATE DATABASE IF NOT EXISTS `bipatas_ci` DEFAULT CHARACTER SET latin1 COLLATE latin1_swedish_ci;
USE `bipatas_ci`;

-- --------------------------------------------------------

--
-- Table structure for table `academic_record`
--

CREATE TABLE IF NOT EXISTS `academic_record` (
  `personal_record_id` varchar(20) NOT NULL,
  `noprisch` varchar(255) NOT NULL,
  `pyoentry` varchar(255) NOT NULL,
  `pyograd` varchar(255) NOT NULL,
  `pqualobt` varchar(255) NOT NULL,
  `nosecsch` text NOT NULL,
  `notersch` text NOT NULL,
  `nysc` varchar(255) NOT NULL,
  PRIMARY KEY (`personal_record_id`),
  UNIQUE KEY `personal_record_id` (`personal_record_id`)
) ENGINE=InnoDB DEFAULT CHARSET=latin1;

--
-- Dumping data for table `academic_record`
--

INSERT INTO `academic_record` (`personal_record_id`, `noprisch`, `pyoentry`, `pyograd`, `pqualobt`, `nosecsch`, `notersch`, `nysc`) VALUES
('FL00000941', 'Ivbiele Primary School', '1987', '1994', 'First School leaving', 'Holy Trininty Grammar School', 'MOUAU', 'T23/34545'),
('FL00000942', 'Ivbiele Primary School', '1987', '1993', 'First School leaving', 'Holy Trininty Grammar School', 'MOUAU', 'T23/34545'),
('FL00000943', 'Ivbiele Primary School', '2010', '2010', 'First School leaving', 'Holy Trininty Grammar School', 'MOUAU', 'teyeu33858'),
('FL00000951', 'Ivbiele Primary School Ihievbe', '1987', '1993', 'First School Leaving Certificate', 'Holy Trinity Grammar School', 'MOUAU', 'NI/2473/TI'),
('FL00000952', 'school1', '2011', '2012', 'dfgghh', '[{"secsch_name":"Saint Joseph Grammar School","secsch_entry_yr":"2010","secsch_grad_yr":"2012","secsch_qual":"gce"},{"secsch_name":"Holytrinity Grammar School","secsch_entry_yr":"2013","secsch_grad_yr":"2014","secsch_qual":"neco"}]', '[{"notersch":"UNN","tyoentry":"2007","tyograd":"2008","tqualobt":"Masters","matno":"12345","spectn":"Computer"}]', 'A23406869mij9'),
('FL00000960', 'school1', '2011', '2012', 'dfgghh', '[{"secsch_name":"Adonai","secsch_entry_yr":"2011","secsch_grad_yr":"2014","secsch_qual":"neco"},{"secsch_name":"ABSS","secsch_entry_yr":"2011","secsch_grad_yr":"2014","secsch_qual":"naptec"}]', '[{"notersch":"Uniben","tyoentry":"2016","tyograd":"2015","tqualobt":"PHD","matno":"Enh434930","spectn":"Programmer"},{"notersch":"ABU","tyoentry":"2013","tyograd":"2018","tqualobt":"Bachelors","matno":"dbwor88wrb","spectn":"Finance"}]', 'A23406869mij9');

-- --------------------------------------------------------

--
-- Table structure for table `bank_record`
--

CREATE TABLE IF NOT EXISTS `bank_record` (
  `personal_record_id` varchar(20) NOT NULL,
  `nobank` varchar(255) NOT NULL,
  `bsbranch` varchar(255) NOT NULL,
  `bcbranch` varchar(255) NOT NULL,
  `blbranch` varchar(255) NOT NULL,
  `bacctype` varchar(255) NOT NULL,
  `accnotype` varchar(255) NOT NULL,
  `acctno` varchar(255) NOT NULL,
  `accname` varchar(255) NOT NULL,
  PRIMARY KEY (`personal_record_id`),
  UNIQUE KEY `personal_record_id` (`personal_record_id`),
  UNIQUE KEY `acctno` (`acctno`)
) ENGINE=InnoDB DEFAULT CHARSET=latin1;

--
-- Dumping data for table `bank_record`
--

INSERT INTO `bank_record` (`personal_record_id`, `nobank`, `bsbranch`, `bcbranch`, `blbranch`, `bacctype`, `accnotype`, `acctno`, `accname`) VALUES
('FL00000941', 'Guaranteed Trust Bank', 'Sapele road', 'Benin', 'warri north', 'Savings', 'Nuban', '3556767888', 'Izevbekhai Nurudeen Michael'),
('FL00000942', 'Guaranteed Trust Bank', 'Sapele road', 'Benin', 'sapele', 'Current', 'Regular', '4868709897', 'Izevbekhai Nurudeen Michael'),
('FL00000943', 'Guaranteed Trust Bank', 'Sapele road', 'Benin', 'ughelli south', 'Savings', 'Regular', '484756766889', 'Izevbekhai Nurudeen Michael'),
('FL00000951', 'Guaranteed Trust Bank', 'Sapelle Road', 'Benin', 'oshimili north', 'Current', 'Regular', '3456765432', 'Izevekhai N. Michael');

-- --------------------------------------------------------

--
-- Table structure for table `employment_record`
--

CREATE TABLE IF NOT EXISTS `employment_record` (
  `personal_record_id` varchar(20) NOT NULL,
  `minname` varchar(255) NOT NULL,
  `minaddstr` varchar(255) NOT NULL,
  `mincity` varchar(255) NOT NULL,
  `govttier` varchar(255) NOT NULL,
  `file_no` varchar(255) NOT NULL,
  `jtitle` varchar(255) NOT NULL,
  `doemp` varchar(255) NOT NULL,
  `doprom` varchar(255) NOT NULL,
  `salstruct` varchar(255) NOT NULL,
  `glevel` varchar(255) NOT NULL,
  `step` varchar(255) NOT NULL,
  `netsal` varchar(255) NOT NULL,
  `lgaofwork` varchar(255) NOT NULL,
  `stype` varchar(255) NOT NULL,
  PRIMARY KEY (`personal_record_id`),
  UNIQUE KEY `personal_record_id` (`personal_record_id`)
) ENGINE=InnoDB DEFAULT CHARSET=latin1;

--
-- Dumping data for table `employment_record`
--

INSERT INTO `employment_record` (`personal_record_id`, `minname`, `minaddstr`, `mincity`, `govttier`, `file_no`, `jtitle`, `doemp`, `doprom`, `salstruct`, `glevel`, `step`, `netsal`, `lgaofwork`, `stype`) VALUES
('FL00000941', 'AGLG', 'fgfhgh', 'gfhghfhghth', 'state government', 'P/SS/151/T', 'Managin Director', '2007-05-19', '2013-08-24', 'CONHESS3', '15', '14', '4657768', 'ika north east', 'Permanent'),
('FL00000942', 'AGLG', 'dgfg', 'dgfg', 'federal government', 'P/SS/95', 'dgg', '2007-01-02', '2014-08-21', 'CONHESS', '17', '14', '347577', 'ndokwa west', 'Probation'),
('FL00000943', 'AGLG', 'dfhgfhngh', 'dfghfdhf', 'local governemnt', 'P/SS/79/T', 'dfhghjg', '2007-01-02', '2007-05-18', 'CONHESS2', '13', '14', '3454657', 'ika south', 'Permanent'),
('FL00000945', 'AGLG', '', '', '', 'P/SS/139', '', '', '', '', '', '', '', '', ''),
('FL00000947', 'AGLG', '', '', '', 'P/SS/56', '', '', '', '', '', '', '', '', ''),
('FL00000948', 'AGLG', '', '', '', 'P/SS/57', '', '', '', '', '', '', '', '', ''),
('FL00000949', 'AGLG', '', '', '', 'P/SS/92/T', '', '', '', '', '', '', '', '', ''),
('FL00000950', 'AGLG', '', '', '', 'P/SS/64', '', '', '', '', '', '', '', '', ''),
('FL00000951', 'AGLG', 'no work address yet', 'ok ugheli', 'federal government', 'P/SS/40/T', 'Director of Administration', '30-05-2010', '30-05-2010', 'CONHESS3', '11', '14', '3000000', 'ndokwa west', 'Permanent'),
('FL00000952', 'AGLG', 'fhrthtrhjrtur', 'nhgmjhhk', 'local governemnt', 'P/SS/102', 'Bailiff Grade Ii', '2007-01-09', '2010-12-25', 'CONHESS4', '15', '14', '12345', 'oshimili north', 'Probation'),
('FL00000953', 'AGLG', '', '', '', 'P/SS/47/T', '', '', '', '', '', '', '', '', ''),
('FL00000954', 'AGLG', '', '', '', 'P/JS/180', '', '', '', '', '', '', '', '', ''),
('FL00000955', 'AGLG', '', '', '', 'P/SS/141', '', '', '', '', '', '', '', '', ''),
('FL00000956', 'AGLG', '', '', '', 'P/JS/179', '', '', '', '', '', '', '', '', ''),
('FL00000957', 'AGLG', '', '', '', 'P/JS/139', '', '', '', '', '', '', '', '', ''),
('FL00000958', 'AGLG', '', '', '', 'P/SS/116/T', '', '', '', '', '', '', '', '', ''),
('FL00000959', 'AGLG', '', '', '', 'P/SS/93', '', '', '', '', '', '', '', '', ''),
('FL00000960', 'AGLG', '14A Amadasun Street', 'Benin-City', 'local governemnt', 'P/SS/97', 'Administrative Officer II', '2013-07-15', '2013-11-20', 'CONHESS3', '06', '4', '40000', 'aniocha south', 'Temporary'),
('FL00000961', 'AGLG', '', '', '', 'P/SS/59', '', '', '', '', '', '', '', '', ''),
('FL00000962', 'AGLG', '', '', '', 'P/SS/75', '', '', '', '', '', '', '', '', ''),
('FL00000963', 'AGLG', '', '', '', 'P/SS/160', '', '', '', '', '', '', '', '', ''),
('FL00000964', 'AGLG', '', '', '', 'P/SS/138', '', '', '', '', '', '', '', '', ''),
('FL00000965', 'AGLG', '', '', '', 'P/SS/72', '', '', '', '', '', '', '', '', ''),
('FL00000966', 'AGLG', '', '', '', 'P/SS/94', '', '', '', '', '', '', '', '', ''),
('FL00000967', 'AGLG', '', '', '', 'P/SS/141', '', '', '', '', '', '', '', '', ''),
('FL00000968', 'AGLG', '', '', '', 'P/SS/156', '', '', '', '', '', '', '', '', ''),
('FL00000969', 'AGLG', '', '', '', 'P/SS/155/T', '', '', '', '', '', '', '', '', ''),
('FL00000970', 'AGLG', '', '', '', 'P/SS/98', '', '', '', '', '', '', '', '', ''),
('FL00000971', 'AGLG', '', '', '', 'P/SS/130', '', '', '', '', '', '', '', '', ''),
('FL00000972', 'AGLG', '', '', '', 'P/SS/110', '', '', '', '', '', '', '', '', ''),
('FL00000973', 'AGLG', '', '', '', 'P/SS/157', '', '', '', '', '', '', '', '', ''),
('FL00000974', 'AGLG', '', '', '', 'P/SS/158', '', '', '', '', '', '', '', '', ''),
('FL00000975', 'AGLG', '', '', '', 'P/SS/120', '', '', '', '', '', '', '', '', ''),
('FL00000976', 'AGLG', '', '', '', 'P/SS/90/T', '', '', '', '', '', '', '', '', ''),
('FL00000977', 'AGLG', '', '', '', 'P/SS/117', '', '', '', '', '', '', '', '', ''),
('FL00000978', 'AGLG', '', '', '', 'P/SS/7', '', '', '', '', '', '', '', '', ''),
('FL00000979', 'AGLG', '', '', '', 'P/SS/124', '', '', '', '', '', '', '', '', ''),
('FL00000980', 'AGLG', '', '', '', 'P/SS/163/T', '', '', '', '', '', '', '', '', ''),
('FL00000981', 'AGLG', '', '', '', 'P/SS/123', '', '', '', '', '', '', '', '', ''),
('FL00000982', 'AGLG', '', '', '', 'P/SS/52/T', '', '', '', '', '', '', '', '', ''),
('FL00000983', 'AGLG', '', '', '', 'P/SS/143/T', '', '', '', '', '', '', '', '', ''),
('FL00000984', 'AGLG', '', '', '', 'P/SS/28/T', '', '', '', '', '', '', '', '', ''),
('FL00000985', 'AGLG', '', '', '', 'P/SS/115', '', '', '', '', '', '', '', '', ''),
('FL00000986', 'AGLG', '', '', '', 'P/SS/129/T', '', '', '', '', '', '', '', '', ''),
('FL00000987', 'AGLG', '', '', '', 'P/SS/68', '', '', '', '', '', '', '', '', ''),
('FL00000988', 'AGLG', '', '', '', 'P/SS/35', '', '', '', '', '', '', '', '', ''),
('FL00000989', 'AGLG', '', '', '', 'P/SS/43', '', '', '', '', '', '', '', '', ''),
('FL00000990', 'AGLG', '', '', '', 'P/SS/91/T', '', '', '', '', '', '', '', '', ''),
('FL00000991', 'AGLG', '', '', '', 'P/SS/42/T', '', '', '', '', '', '', '', '', ''),
('FL00000992', 'AGLG', '', '', '', 'P/SS/53', '', '', '', '', '', '', '', '', ''),
('FL00000993', 'AGLG', '', '', '', 'P/SS/51', '', '', '', '', '', '', '', '', ''),
('FL00000994', 'AGLG', '', '', '', 'P/JS/181', '', '', '', '', '', '', '', '', ''),
('FL00000995', 'AGLG', '', '', '', 'P/SS/82/T', '', '', '', '', '', '', '', '', ''),
('FL00000996', 'AGLG', '', '', '', 'P/SS/128', '', '', '', '', '', '', '', '', ''),
('FL00000997', 'AGLG', '', '', '', 'P/SS/142/T', '', '', '', '', '', '', '', '', ''),
('FL00000998', 'AGLG', '', '', '', 'P/SS/96', '', '', '', '', '', '', '', '', ''),
('FL00000999', 'AGLG', '', '', '', 'P/SS/45/T', '', '', '', '', '', '', '', '', ''),
('FL00001000', 'AGLG', '', '', '', 'P/SS/81/T', '', '', '', '', '', '', '', '', ''),
('FL00001001', 'AGLG', '', '', '', 'P/SS/31', '', '', '', '', '', '', '', '', ''),
('FL00001002', 'AGLG', '', '', '', 'P/SS/61', '', '', '', '', '', '', '', '', ''),
('FL00001003', 'AGLG', '', '', '', 'P/SS/33', '', '', '', '', '', '', '', '', ''),
('FL00001004', 'AGLG', '', '', '', 'P/SS/19', '', '', '', '', '', '', '', '', ''),
('FL00001005', 'AGLG', '', '', '', 'P/SS/37', '', '', '', '', '', '', '', '', ''),
('FL00001006', 'AGLG', '', '', '', 'P/SS/39', '', '', '', '', '', '', '', '', ''),
('FL00001007', 'AGLG', '', '', '', 'P/SS/34', '', '', '', '', '', '', '', '', ''),
('FL00001008', 'AGLG', '', '', '', 'P/SS/50', '', '', '', '', '', '', '', '', ''),
('FL00001009', 'AGLG', '', '', '', 'P/SS/100/T', '', '', '', '', '', '', '', '', ''),
('FL00001010', 'AGLG', '', '', '', 'P/SS/84', '', '', '', '', '', '', '', '', ''),
('FL00001011', 'AGLG', '', '', '', 'P/SS/111', '', '', '', '', '', '', '', '', ''),
('FL00001012', 'AGLG', '', '', '', 'P/SS/36', '', '', '', '', '', '', '', '', ''),
('FL00001013', 'AGLG', '', '', '', 'P/SS/73', '', '', '', '', '', '', '', '', ''),
('FL00001014', 'AGLG', '', '', '', 'P/SS/118', '', '', '', '', '', '', '', '', ''),
('FL00001015', 'AGLG', '', '', '', 'P/SS/44', '', '', '', '', '', '', '', '', ''),
('FL00001016', 'AGLG', '', '', '', 'P/SS/16/T', '', '', '', '', '', '', '', '', ''),
('FL00001017', 'AGLG', '', '', '', 'P/SS/161/T', '', '', '', '', '', '', '', '', ''),
('FL00001018', 'AGLG', '', '', '', 'P/SS/67', '', '', '', '', '', '', '', '', ''),
('FL00001019', 'AGLG', '', '', '', 'P/SS/78', '', '', '', '', '', '', '', '', ''),
('FL00001020', 'AGLG', '', '', '', 'P/SS/17/T', '', '', '', '', '', '', '', '', ''),
('FL00001021', 'AGLG', '', '', '', 'P/SS/46/T', '', '', '', '', '', '', '', '', ''),
('FL00001022', 'AGLG', '', '', '', 'P/JS/77', '', '', '', '', '', '', '', '', ''),
('FL00001023', 'AGLG', '', '', '', 'P/SS/63', '', '', '', '', '', '', '', '', ''),
('FL00001024', 'AGLG', '', '', '', 'P/SS/70', '', '', '', '', '', '', '', '', ''),
('FL00001025', 'AGLG', '', '', '', 'P/JS/138', '', '', '', '', '', '', '', '', ''),
('FL00001026', 'AGLG', '', '', '', 'P/JS/178', '', '', '', '', '', '', '', '', ''),
('FL00001027', 'AGLG', '', '', '', 'P/JS/16', '', '', '', '', '', '', '', '', ''),
('FL00001028', 'AGLG', '', '', '', 'P/SS/136/T', '', '', '', '', '', '', '', '', ''),
('FL00001029', 'AGLG', '', '', '', 'P/JS/15/T', '', '', '', '', '', '', '', '', ''),
('FL00001030', 'AGLG', '', '', '', 'P/JS/182', '', '', '', '', '', '', '', '', ''),
('FL00001031', 'AGLG', '', '', '', 'P/JS/184', '', '', '', '', '', '', '', '', ''),
('FL00001032', 'AGLG', '', '', '', 'P/SS/183', '', '', '', '', '', '', '', '', '');

-- --------------------------------------------------------

--
-- Table structure for table `job_title`
--

CREATE TABLE IF NOT EXISTS `job_title` (
  `id` int(11) NOT NULL AUTO_INCREMENT,
  `title` varchar(100) NOT NULL,
  PRIMARY KEY (`id`)
) ENGINE=InnoDB  DEFAULT CHARSET=latin1 AUTO_INCREMENT=765 ;

--
-- Dumping data for table `job_title`
--

INSERT INTO `job_title` (`id`, `title`) VALUES
(2, 'Academic Planning Officer'),
(3, 'Account Officer'),
(4, 'Accountant'),
(5, 'Accountant I'),
(6, 'Accountant II'),
(7, 'Accounting Duties'),
(8, 'Acting Bursar'),
(9, 'Acting General Manager'),
(10, 'Acting Rector'),
(11, 'Adjudicator'),
(12, 'Admin And Supply'),
(13, 'Administrative  Officer V'),
(14, 'Administrative Assistant'),
(15, 'Administrative Officer'),
(16, 'Administrative Officer I'),
(17, 'Administrative Officer II'),
(18, 'Administrative Secretary'),
(19, 'Agric Assistant'),
(20, 'Agric Officer'),
(21, 'Agriculture Engineer'),
(22, 'Agriculture Officer'),
(23, 'Agriculture Services'),
(24, 'Agriculture Superintenden'),
(25, 'Ambulance Driver/Mechanic'),
(26, 'Animal Scientist'),
(27, 'Announcer'),
(28, 'Archer'),
(29, 'Architect'),
(30, 'Archives Assistant'),
(31, 'Artisan/Craftman Ii'),
(32, 'Artisan/Craftsman'),
(33, 'Ass Nursing Officer'),
(34, 'Assist Health Suprinteden'),
(35, 'Assistant Agriculture Sup'),
(36, 'Assistant Art Prod Office'),
(37, 'Assistant Chief Accountan'),
(38, 'Assistant Chief Administr'),
(39, 'Assistant Chief Bailiff G'),
(40, 'Assistant Chief Catering '),
(41, 'Assistant Chief Confident'),
(42, 'Assistant Chief Editor'),
(43, 'Assistant Chief Education'),
(44, 'Assistant Chief Estate Ma'),
(45, 'Assistant Chief Executive'),
(46, 'Assistant Chief Int.Audit'),
(47, 'Assistant Chief Legal Off'),
(48, 'Assistant Chief Library O'),
(49, 'Assistant Chief Nursing O'),
(50, 'Assistant Chief Personnel'),
(51, 'Assistant Chief Protocol '),
(52, 'Assistant Chief Registrar'),
(53, 'Assistant Chief Sales Exe'),
(54, 'Assistant Chief Security '),
(55, 'Assistant Chief Social We'),
(56, 'Assistant Chief Store Off'),
(57, 'Assistant Chief System Pr'),
(58, 'Assistant Chief Technolog'),
(59, 'Assistant Circulation Man'),
(60, 'Assistant Clerical Office'),
(61, 'Assistant Computer Operat'),
(62, 'Assistant Craftman'),
(63, 'Assistant Director'),
(64, 'Assistant Director (Audit'),
(65, 'Assistant Director Of Nur'),
(66, 'Assistant Director Of Pha'),
(67, 'Assistant Executive Offic'),
(68, 'Assistant General Manager'),
(69, 'Assistant Hall Supervisor'),
(70, 'Assistant Headmaster/Head'),
(71, 'Assistant Lecturar'),
(72, 'Assistant Lecturer'),
(73, 'Assistant Library Officer'),
(74, 'Assistant Patrol Superint'),
(75, 'Assistant Patrol Supervis'),
(76, 'Assistant Registrar'),
(77, 'Assistant Secretary'),
(78, 'Assistant Security Office'),
(79, 'Assistant Technical Offic'),
(80, 'Assistant Tutor'),
(81, 'Assistant. Chief Comm.Hea'),
(82, 'Assistant.Chief Informati'),
(83, 'Athlete'),
(84, 'Audio Officer'),
(85, 'Audio Visual Officer'),
(86, 'Audit Clerk'),
(87, 'Audit Officer'),
(88, 'Auditor'),
(89, 'Auto Electrician'),
(90, 'Badminton Player'),
(91, 'Bailiff'),
(92, 'Bailiff Grade Ii'),
(93, 'Basketball Player'),
(94, 'Bill Distribution Officer'),
(95, 'Bindery Assistant'),
(96, 'Biochemist'),
(97, 'Blood Donor Counselor'),
(98, 'Bone Setter'),
(99, 'Bookshop Manager'),
(100, 'Boundary Man'),
(101, 'Boxer'),
(102, 'Broadcaster'),
(103, 'Bulding And Maintenance O'),
(104, 'Bursar'),
(105, 'Bus Cleaner'),
(106, 'Camera Man'),
(107, 'Capentry'),
(108, 'Caretaker'),
(109, 'Carpenter'),
(110, 'Cashier'),
(111, 'Catering Officer'),
(112, 'Catering Supervisor'),
(113, 'Chainman'),
(114, 'Chairman Of Committee'),
(115, 'Chef/Assistant Catering S'),
(116, 'Cheif Typist'),
(117, 'Chess Player'),
(118, 'Chief Academic Planning O'),
(119, 'Chief Accountant'),
(120, 'Chief Administrative Offi'),
(121, 'Chief Agricultural Superi'),
(122, 'Chief Auditor'),
(123, 'Chief Catering Officer'),
(124, 'Chief Clerical Officer'),
(125, 'Chief Coach'),
(126, 'Chief Commerce Officer'),
(127, 'Chief Computer Operator'),
(128, 'Chief Confidential Secret'),
(129, 'Chief Driver'),
(130, 'Chief Editor'),
(131, 'Chief Engineer'),
(132, 'Chief Estate Manager'),
(133, 'Chief Estate Officer'),
(134, 'Chief Executive Officer'),
(135, 'Chief Finance Officer'),
(136, 'Chief Foreman'),
(137, 'Chief Insructor'),
(138, 'Chief Lab Supervisor'),
(139, 'Chief Laboratory Technolo'),
(140, 'Chief Lecturer'),
(141, 'Chief Legislative  Office'),
(142, 'Chief Magistrate Grade I'),
(143, 'Chief Magistrate Grade Ii'),
(144, 'Chief Med. H.L.T'),
(145, 'Chief Medical Officer'),
(146, 'Chief Midwifery Officer'),
(147, 'Chief Motor Driver Mechan'),
(148, 'Chief Nursing Officer'),
(149, 'Chief Of Bureau'),
(150, 'Chief Official Reporter'),
(151, 'Chief Personal Secetary'),
(152, 'Chief Personnel Officer'),
(153, 'Chief Registrar'),
(154, 'Chief Secretarial Assista'),
(155, 'Chief Security Guard'),
(156, 'Chief Security Officer'),
(157, 'Chief Store Keeper'),
(158, 'Chief Store Officer'),
(159, 'Chief Superintendent Of P'),
(160, 'Chief Technical Officer'),
(161, 'Chief Technologist'),
(162, 'Chief Transport Officer'),
(163, 'Chief Typist'),
(164, 'Chief Works Superintenden'),
(165, 'Circulation Officer'),
(166, 'Civil Engineer'),
(167, 'Cleaner'),
(168, 'Cleansing Health Assistan'),
(169, 'Clerical Assistant'),
(170, 'Clerical Officer'),
(171, 'Clerical Officer Grade Ii'),
(172, 'Clerical Officer I'),
(173, 'Clerical Officer Ii'),
(174, 'Clerk'),
(175, 'Coach'),
(176, 'Commerce Officer'),
(177, 'Commercial Assistant'),
(178, 'Commercial Officer'),
(179, 'Commercial Sales Executiv'),
(180, 'Community Development Ass'),
(181, 'Community Development Ins'),
(182, 'Community Development Off'),
(183, 'Community Health Assistan'),
(184, 'Community Health Extensio'),
(185, 'Community Health Officer'),
(186, 'Community Health Technici'),
(187, 'Community Health Worker'),
(188, 'Community.Health Ext.Tech'),
(189, 'Computer Analyst'),
(190, 'Computer Operator'),
(191, 'Computer Programmer Ii'),
(192, 'Confidential Secretary'),
(193, 'Confidential Secretary. I'),
(194, 'Consultant'),
(195, 'Consultant Optometrist'),
(196, 'Consultant Physician'),
(197, 'Consultant Special'),
(198, 'Consultant Surgeon'),
(199, 'Consultant(Ophthalmologis'),
(200, 'Controller'),
(201, 'Cook'),
(202, 'Cooperative Inspector'),
(203, 'Cooperative Officer'),
(204, 'Craft Electical Officer'),
(205, 'Craft Mechanical Officer'),
(206, 'Craftman'),
(207, 'Craftman Capenter'),
(208, 'Crop Attendant'),
(209, 'Cultural Officer'),
(210, 'Current Affairs Officer'),
(211, 'Cycling'),
(212, 'Data Processing Assistant'),
(213, 'Data Processing Officer'),
(214, 'Dataprogrammer Officer'),
(215, 'Deed Registrar'),
(216, 'Dental Officer'),
(217, 'Dental Surgeon'),
(218, 'Dental Surgery Technician'),
(219, 'Dental Technologist'),
(220, 'Dentist'),
(221, 'Dentist Technician'),
(222, 'Deputy Bursar'),
(223, 'Deputy Chief Exe.Officer'),
(224, 'Deputy Chief Instructor'),
(225, 'Deputy Director'),
(226, 'Deputy General Manager'),
(227, 'Deputy Provost'),
(228, 'Deputy Registrar'),
(229, 'Director'),
(230, 'Director (Audit)'),
(231, 'Director Of Pharmaceutica'),
(232, 'Donor Recruiting/Counsell'),
(233, 'Driver'),
(234, 'Driver I'),
(235, 'Driver Ii'),
(236, 'Driver/Mechanic'),
(237, 'Editor'),
(238, 'Education Officer'),
(239, 'Education Officer Il'),
(240, 'Electrical Engineer'),
(241, 'Electrical Works Superint'),
(242, 'Electrician'),
(243, 'Engineer'),
(244, 'Engineering Assistant I'),
(245, 'Engineering Assistant Ii'),
(246, 'Environmental Health Assi'),
(247, 'Environmental Health Offi'),
(248, 'Environmental Health Supe'),
(249, 'Environmental Officer'),
(250, 'Estate Manager'),
(251, 'Estate Officer'),
(252, 'Executive Agent'),
(253, 'Executive General Manager'),
(254, 'Executive Officer'),
(255, 'Executive Officer (Accoun'),
(256, 'Extension Officer'),
(257, 'Farm Officer'),
(258, 'Field Overseer'),
(259, 'Fire Fighter'),
(260, 'Fire Superintendent'),
(261, 'Fireman'),
(262, 'Fire-Woman'),
(263, 'First Aid'),
(264, 'Fisheries Superintendent'),
(265, 'Fishery Officer'),
(266, 'Fishery Overseer'),
(267, 'Fishery Superintendent'),
(268, 'Fishries'),
(269, 'Footballer'),
(270, 'Foreman'),
(271, 'Foreman Craftman'),
(272, 'Foreman Painting'),
(273, 'Foreman Plumber'),
(274, 'Forest Guard'),
(275, 'Forest Officer'),
(276, 'Forest Ranger'),
(277, 'Forest Superintendent'),
(278, 'Forest Superintendent Ins'),
(279, 'Forester'),
(280, 'Gardener'),
(281, 'General Duties'),
(282, 'General Manager'),
(283, 'Geologist'),
(284, 'Golfer'),
(285, 'Graduate  Master I'),
(286, 'Graduate  Master Il'),
(287, 'Graduate Assistant'),
(288, 'Graduate Master'),
(289, 'Graduate Senior Master'),
(290, 'Graphic Art Officer'),
(291, 'Graphics Artist'),
(292, 'Grounds Man'),
(293, 'Gymnastics'),
(294, 'Hall Supervisor'),
(295, 'Head Cleaner'),
(296, 'Head Computer Operator'),
(297, 'Head Cook'),
(298, 'Head Gardener'),
(299, 'Head Messenger'),
(300, 'Head Mistress'),
(301, 'Head Of Account'),
(302, 'Head Porter'),
(303, 'Head Security Guard'),
(304, 'Head Steward'),
(305, 'Head Watchman'),
(306, 'Headmaster I'),
(307, 'Health Assistant'),
(308, 'Health Attendant'),
(309, 'Health Educator'),
(310, 'Health Extension Worker'),
(311, 'Health Officer'),
(312, 'Health Record Officer'),
(313, 'Health Superintendent'),
(314, 'Health Technician'),
(315, 'Health Tutor'),
(316, 'Heavey Plant Operator'),
(317, 'Helper'),
(318, 'Higher Agric Superintende'),
(319, 'Higher Agricultural Super'),
(320, 'Higher Ambulance Driver/M'),
(321, 'Higher Catering Officer'),
(322, 'Higher Cleaning Health As'),
(323, 'Higher Comm Health Extens'),
(324, 'Higher Comm.Health Ext.Te'),
(325, 'Higher Data Processing Of'),
(326, 'Higher Dental Surgeon Tec'),
(327, 'Higher Education Officer'),
(328, 'Higher Estate  Officer.'),
(329, 'Higher Executive Officer'),
(330, 'Higher Executive Officer('),
(331, 'Higher Hospital Ward Assi'),
(332, 'Higher Library Officer'),
(333, 'Higher Medical Lab.Assist'),
(334, 'Higher Medical Lab.Techni'),
(335, 'Higher Medical Record Ass'),
(336, 'Higher Medical Store Assi'),
(337, 'Higher Medical Store Offi'),
(338, 'Higher Plant Operating As'),
(339, 'Higher Printing Superinte'),
(340, 'Higher Registrar'),
(341, 'Higher Store Officer'),
(342, 'Higher Technical Officer'),
(343, 'Higher Technical Officer '),
(344, 'Higher Transport Supervis'),
(345, 'Higher Work Superintenden'),
(346, 'Higher Works Superintende'),
(347, 'Hockey Player'),
(348, 'Honorary'),
(349, 'Hospital  Administrator I'),
(350, 'Hospital Administrator'),
(351, 'Hospital Office Assistant'),
(352, 'Hospital Ward Assistant'),
(353, 'Hotel Warden'),
(354, 'House Keeper'),
(355, 'House Officer'),
(356, 'Image Making Officer'),
(357, 'Information Officer'),
(358, 'Inspector'),
(359, 'Inspector Of Taxes'),
(360, 'Instructor'),
(361, 'Intern Lab. Scientist'),
(362, 'Intern Pharmacist'),
(363, 'Internal Audit'),
(364, 'Internal Audit Clerk'),
(365, 'Internal Auditor'),
(366, 'Judo'),
(367, 'Karate Fighter'),
(368, 'Kord Operator'),
(369, 'Kungfu Fighter'),
(370, 'Laboratory Assistant'),
(371, 'Laboratory Attendant'),
(372, 'Laboratory Scientist'),
(373, 'Laboratory Superintendent'),
(374, 'Laboratory Technician'),
(375, 'Laboratory Technician Ass'),
(376, 'Laboratory Technologist'),
(377, 'Labour Inspector'),
(378, 'Labourer'),
(379, 'Labourer/Cleaner'),
(380, 'Land Officer'),
(381, 'Laundary Assistant'),
(382, 'Laundry Officer'),
(383, 'Lecturer'),
(384, 'Lecturer I'),
(385, 'Lecturer Ii'),
(386, 'Lecturer Iii'),
(387, 'Legal Officer'),
(388, 'Legislative Officer'),
(389, 'Librarian'),
(390, 'Librarian Grade Ii'),
(391, 'Library'),
(392, 'Library Assistant'),
(393, 'Library Attendant'),
(394, 'Library Officer'),
(395, 'Library Officer Il'),
(396, 'Lithograoher'),
(397, 'Livestock Attendant'),
(398, 'Machine Operator'),
(399, 'Magistrate'),
(400, 'Magistrate Grade I'),
(401, 'Maintenance Officer'),
(402, 'Manager'),
(403, 'Marketing Officer'),
(404, 'Master'),
(405, 'Master I'),
(406, 'Master Ii'),
(407, 'Master Ill'),
(408, 'Master Iv'),
(409, 'Mechanic'),
(410, 'Mechanical Engineer'),
(411, 'Medical Assistant'),
(412, 'Medical Director'),
(413, 'Medical Doctor'),
(414, 'Medical Laboratory Assist'),
(415, 'Medical Laboratory Scient'),
(416, 'Medical Laboratory Techni'),
(417, 'Medical Maintenance Offic'),
(418, 'Medical Officer'),
(419, 'Medical Records Assistant'),
(420, 'Medical Records Clerk'),
(421, 'Medical Records Officer'),
(422, 'Medical Records Technicia'),
(423, 'Medical Records Technolog'),
(424, 'Medical Store Assistant'),
(425, 'Medical Worker'),
(426, 'Member'),
(427, 'Messenger'),
(428, 'Messenger/Cleaner'),
(429, 'Midwife Educator'),
(430, 'Midwifery Officer'),
(431, 'Mortuary Assistant'),
(432, 'Motor Driver'),
(433, 'Motor Driver Mechanic'),
(434, 'Motor Vehicle Technician'),
(435, 'Nce Master I'),
(436, 'Nce Master Il'),
(437, 'News Assistant'),
(438, 'Nurse'),
(439, 'Nurse I'),
(440, 'Nurse/Midwifery'),
(441, 'Nursing Attendant'),
(442, 'Nursing Educator'),
(443, 'Nursing Officer'),
(444, 'Nursing Officer Ii'),
(445, 'Nursing Officer L'),
(446, 'Nursing Servant'),
(447, 'Nursing Supervisor'),
(448, 'Nutrition Officer'),
(449, 'Office Assistant'),
(450, 'Operator'),
(451, 'Opertions'),
(452, 'Optometrist'),
(453, 'Organising Assistant'),
(454, 'Organising Secretary'),
(455, 'Patrol Man'),
(456, 'Patrol Supervisor'),
(457, 'Performing Arts'),
(458, 'Performing Assistant'),
(459, 'Permanent Secretary'),
(460, 'Personal Assistant'),
(461, 'Personal Secretary'),
(462, 'Personal Secretary I'),
(463, 'Personnel Officer'),
(464, 'Personnel Officer I'),
(465, 'Personnel Officer Il'),
(466, 'Pharmacist'),
(467, 'Pharmacy Attendant'),
(468, 'Pharmacy Technician'),
(469, 'Photographer'),
(470, 'Photographic Assistant'),
(471, 'Physiologist'),
(472, 'Planning Officer'),
(473, 'Plant Operating Assistant'),
(474, 'Plant Operator'),
(475, 'Plant Operator Assistant'),
(476, 'Plumbing'),
(477, 'Porter'),
(478, 'Poultry Attendant'),
(479, 'Power Lifting Officer'),
(480, 'Prduction Executive'),
(481, 'Presentation Assistant'),
(482, 'Presentation Officer'),
(483, 'Presenter Ii'),
(484, 'President'),
(485, 'Press Photographer'),
(486, 'Pressman'),
(487, 'Principal'),
(488, 'Principal  Legislative Of'),
(489, 'Principal Account Officer'),
(490, 'Principal Accountant'),
(491, 'Principal Administrative '),
(492, 'Principal Agriculture Sup'),
(493, 'Principal Architect'),
(494, 'Principal Assistant Regis'),
(495, 'Principal Assistant Sec.1'),
(496, 'Principal Assistant Secre'),
(497, 'Principal Confidential Se'),
(498, 'Principal Dental Surgeon'),
(499, 'Principal Executive Offic'),
(500, 'Principal Farm Manager'),
(501, 'Principal Hospital Ward A'),
(502, 'Principal House Keeper'),
(503, 'Principal I'),
(504, 'Principal Il'),
(505, 'Principal Ill'),
(506, 'Principal Information Off'),
(507, 'Principal Instructor'),
(508, 'Principal Internal Audito'),
(509, 'Principal Lecturer'),
(510, 'Principal Legal Officer'),
(511, 'Principal Legislative Off'),
(512, 'Principal Library Officer'),
(513, 'Principal Master'),
(514, 'Principal Master I'),
(515, 'Principal Master Il'),
(516, 'Principal Master Ill'),
(517, 'Principal Medical Officer'),
(518, 'Principal Mortuary Assist'),
(519, 'Principal Nursing'),
(520, 'Principal Nursing Officer'),
(521, 'Principal Officer'),
(522, 'Principal Printing Office'),
(523, 'Principal Printing Superi'),
(524, 'Principal Registrar Grade'),
(525, 'Principal Reporter'),
(526, 'Principal Research Office'),
(527, 'Principal Secretary I'),
(528, 'Principal Senior'),
(529, 'Principal Special'),
(530, 'Principal Special Grade I'),
(531, 'Principal Sports Coach I'),
(532, 'Principal Statistician'),
(533, 'Principal Superintendent'),
(534, 'Principal Technical Offic'),
(535, 'Principal Technologist'),
(536, 'Principal Techologist I'),
(537, 'Principal Works Superinte'),
(538, 'Principal Works Supt.1'),
(539, 'Printer'),
(540, 'Printing Assistant'),
(541, 'Printing Superintendent'),
(542, 'Produce Inspector'),
(543, 'Produce Officer'),
(544, 'Produce Superintendent'),
(545, 'Producer'),
(546, 'Production Executive'),
(547, 'Production Inspector'),
(548, 'Production Officer'),
(549, 'Production Superintendent'),
(550, 'Professional Athlete'),
(551, 'Professor'),
(552, 'Programme Athlete'),
(553, 'Programme Manager'),
(554, 'Programme Swimmer'),
(555, 'Programs Director'),
(556, 'Programs Officer'),
(557, 'Proof Reader'),
(558, 'Provost'),
(559, 'Public Health Tutor'),
(560, 'Public Relation Officer'),
(561, 'Public Relations Assistan'),
(562, 'Public Relations Executiv'),
(563, 'Quantity Surveying'),
(564, 'Quantity Surveyor'),
(565, 'Radio Telex Operator'),
(566, 'Radiographer'),
(567, 'Ranger'),
(568, 'Reader'),
(569, 'Rector'),
(570, 'Registrar'),
(571, 'Reporter'),
(572, 'Reporter I'),
(573, 'Research Officer'),
(574, 'Road Overseer'),
(575, 'Rugby Player'),
(576, 'Sales Clerk'),
(577, 'Sales Executive'),
(578, 'Sales Officer'),
(579, 'Scientific Officer'),
(580, 'Secretarial Assistant'),
(581, 'Secretarial Assistant Gra'),
(582, 'Secretary'),
(583, 'Secretary Assistant'),
(584, 'Security'),
(585, 'Security Guard'),
(586, 'Security Officer'),
(587, 'Security Supervisor'),
(588, 'Semi-Skilled Worker'),
(589, 'Senior Accountant'),
(590, 'Senior Administrative Off'),
(591, 'Senior Agric Supervisor'),
(592, 'Senior Assistant Registra'),
(593, 'Senior Auditor'),
(594, 'Senior Bailiff'),
(595, 'Senior Bailiff Grade I'),
(596, 'Senior Bailiff Grade Ii'),
(597, 'Senior Caretaker'),
(598, 'Senior Chief Transport Of'),
(599, 'Senior Circulations Offic'),
(600, 'Senior Cleaner'),
(601, 'Senior Clerical Officer'),
(602, 'Senior Community Health E'),
(603, 'Senior Computer Operator'),
(604, 'Senior Confidential Secre'),
(605, 'Senior Craftsman'),
(606, 'Senior Dental Technician'),
(607, 'Senior Deputy Bursar'),
(608, 'Senior Deputy Registrar'),
(609, 'Senior Driver'),
(610, 'Senior Education Officer'),
(611, 'Senior Engineer'),
(612, 'Senior Executive Officer'),
(613, 'Senior Executive Officer '),
(614, 'Senior Foreman'),
(615, 'Senior Health Officer'),
(616, 'Senior Health Worker'),
(617, 'Senior Hospital Administa'),
(618, 'Senior Hospital Ward Assi'),
(619, 'Senior House Keeper'),
(620, 'Senior Information Office'),
(621, 'Senior Internal Auditor'),
(622, 'Senior Lab Supervisor'),
(623, 'Senior Laboratory Scienti'),
(624, 'Senior Laboratory Technol'),
(625, 'Senior Laundry Assistant'),
(626, 'Senior Lecturer'),
(627, 'Senior Librarian'),
(628, 'Senior Library Assistant'),
(629, 'Senior Library Officer'),
(630, 'Senior Magistrate Grade I'),
(631, 'Senior Master'),
(632, 'Senior Master I'),
(633, 'Senior Master Iii'),
(634, 'Senior Master Il'),
(635, 'Senior Medical Lab. Scien'),
(636, 'Senior Medical Officer I'),
(637, 'Senior Medical Officer Ii'),
(638, 'Senior Medical Record Tec'),
(639, 'Senior Medical Store Offi'),
(640, 'Senior Messenger'),
(641, 'Senior Messenger/Cleaner'),
(642, 'Senior Mortuary Assistant'),
(643, 'Senior Motor Driver Mecha'),
(644, 'Senior Nurse'),
(645, 'Senior Nursing Officer'),
(646, 'Senior Officer'),
(647, 'Senior Optometrist'),
(648, 'Senior Patrol Lady'),
(649, 'Senior Patrol Man'),
(650, 'Senior Personnel Officer'),
(651, 'Senior Pharmacist'),
(652, 'Senior Porter'),
(653, 'Senior Press Superintende'),
(654, 'Senior Protocol Officer'),
(655, 'Senior Registrar Grade I'),
(656, 'Senior Registrar Grade Ii'),
(657, 'Senior Registrars'),
(658, 'Senior Reporter'),
(659, 'Senior Reporter 1'),
(660, 'Senior Secretarial Assist'),
(661, 'Senior Security Guard'),
(662, 'Senior Security Officer'),
(663, 'Senior Special Assistant'),
(664, 'Senior Store Officer'),
(665, 'Senior System Analyst'),
(666, 'Senior Technical Assistan'),
(667, 'Senior Technical Officer'),
(668, 'Senior Technician'),
(669, 'Senior Technologist'),
(670, 'Senior Transport Officer'),
(671, 'Senior Tutor'),
(672, 'Senior Tutor I'),
(673, 'Senior Tutor Il'),
(674, 'Senior Typist'),
(675, 'Senior Typist Ii'),
(676, 'Senior Watchman'),
(677, 'Senior Work Superintenden'),
(678, 'Senior Works Superintende'),
(679, 'Sergeant Arms'),
(680, 'Snr. Reg.Of Coop Societie'),
(681, 'Snr.Industrial Officer'),
(682, 'Social Welfare Assistant'),
(683, 'Social Welfare Officer'),
(684, 'Social Welfare Officer Ii'),
(685, 'Social Welfare Officer Te'),
(686, 'Sound Engineer'),
(687, 'Sportman'),
(688, 'Sports Officer'),
(689, 'State Counsel'),
(690, 'State Emergency Managemen'),
(691, 'Statistician'),
(692, 'Statistics Officer'),
(693, 'Steward'),
(694, 'Stewardess'),
(695, 'Store Assistant'),
(696, 'Store Cleansing Assistant'),
(697, 'Store Keeper'),
(698, 'Store Officer'),
(699, 'Superintendent'),
(700, 'Superintendent Of Press'),
(701, 'Superintendent Officer'),
(702, 'Supervisor'),
(703, 'Suprintendent'),
(704, 'Survey Officer'),
(705, 'Surveyor'),
(706, 'Swimming'),
(707, 'Swimming Pool Attendant'),
(708, 'Swimming Pool Superintend'),
(709, 'System Analyst'),
(710, 'Table Tenis Player'),
(711, 'Table Tennis Player'),
(712, 'Tax Clerk'),
(713, 'Tax Officer'),
(714, 'Teacher'),
(715, 'Teaching'),
(716, 'Technical Assistant'),
(717, 'Technical Instructor'),
(718, 'Technical Officer'),
(719, 'Technologist'),
(720, 'Telephone Assistant'),
(721, 'Telephone Operator'),
(722, 'Telephone Superintendent'),
(723, 'Telephone Supervisor'),
(724, 'Tennis Player'),
(725, 'Tourism Officer'),
(726, 'Town Planning'),
(727, 'Town Planning Assistant'),
(728, 'Town Planning Officer'),
(729, 'Track And Field'),
(730, 'Tractor Driver'),
(731, 'Tractor Operator'),
(732, 'Training Officer'),
(733, 'Transport Supervisor'),
(734, 'Transportation Officer'),
(735, 'Tutor'),
(736, 'Tutor I'),
(737, 'Tutor Ii'),
(738, 'Tv Director'),
(739, 'Tv Programme Manager'),
(740, 'Typist'),
(741, 'Typist I'),
(742, 'Typist Ii'),
(743, 'Typist Iii'),
(744, 'Unknown'),
(745, 'Vetrinary Officer'),
(746, 'Vetrinary Services'),
(747, 'Volleyball Player'),
(748, 'Ward Assistant'),
(749, 'Ward Officer'),
(750, 'Ward Orderly'),
(751, 'Washman'),
(752, 'Watch Night'),
(753, 'Watchman'),
(754, 'Watchman Grade Ii'),
(755, 'Water Engineer'),
(756, 'Weight Lifting'),
(757, 'Works Assistant'),
(758, 'Works Attendant'),
(759, 'Works Superintendent'),
(760, 'Wrestling'),
(761, 'X-Ray Assistant'),
(762, 'X-Ray Technician'),
(763, 'Youth Development Assista'),
(764, 'Zonal Manager');

-- --------------------------------------------------------

--
-- Table structure for table `log_count`
--

CREATE TABLE IF NOT EXISTS `log_count` (
  `personal_record_id` varchar(20) NOT NULL,
  `log` tinyint(3) NOT NULL,
  `log_date` varchar(255) NOT NULL,
  PRIMARY KEY (`personal_record_id`)
) ENGINE=InnoDB DEFAULT CHARSET=latin1;

--
-- Dumping data for table `log_count`
--

INSERT INTO `log_count` (`personal_record_id`, `log`, `log_date`) VALUES
('FL00000941', 2, '05-09-2014  12:32 PM'),
('FL00000942', 1, '31-08-2014  03:13 PM'),
('FL00000943', 2, '30-08-2014  12:53 PM'),
('FL00000951', 1, '30-08-2014  01:40 PM'),
('FL00000952', 0, '08-09-2014  04:24 PM'),
('FL00000960', 0, '08-09-2014  03:37 PM');

-- --------------------------------------------------------

--
-- Table structure for table `ministries`
--

CREATE TABLE IF NOT EXISTS `ministries` (
  `id` int(11) NOT NULL AUTO_INCREMENT,
  `name` varchar(255) NOT NULL,
  `acronyms` varchar(20) NOT NULL,
  PRIMARY KEY (`id`),
  UNIQUE KEY `id` (`id`,`acronyms`)
) ENGINE=InnoDB  DEFAULT CHARSET=latin1 AUTO_INCREMENT=77 ;

--
-- Dumping data for table `ministries`
--

INSERT INTO `ministries` (`id`, `name`, `acronyms`) VALUES
(1, 'Agency for Adult and Non-Formal Education', 'AANE'),
(2, 'Agric Development Programme', 'ADP'),
(3, 'Auditor General (Local Government)', 'AGLG'),
(4, 'Ministry of Agriculture and Natural Resources', 'AGRIC'),
(5, 'Auditor General (State)', 'AGS'),
(6, 'Office of Accountant General', 'ATG'),
(7, 'Board of Internal Revenue', 'BIR'),
(8, 'Bureau of Special Duties', 'BSD'),
(9, 'Customary Court', 'CCrt'),
(10, 'College of Education, Agbor', 'COEA'),
(11, 'College of Education Warri', 'COEW'),
(12, 'College of Physical Education, Mosogar', 'COPEM'),
(13, 'Civil Service Commission', 'CSC'),
(14, 'Directorate of Art And Culture', 'DAC'),
(15, 'Delta Broadcasting Service', 'DBS'),
(16, 'Directorate of Cabinet & Admin', 'DCA'),
(17, 'Directorate of Culture And Tourism', 'DCT'),
(18, 'Delta Development & Property Authority', 'DDPA'),
(19, 'D.E.L.S.E.P.A.', 'DELSEPA'),
(20, 'Delta State University', 'DELSU'),
(21, 'Directorate of Government House And Protocol', 'DGHP'),
(22, 'Direct Labour Agency', 'DLA'),
(23, 'Directorate of Project Monitoring', 'DPM'),
(24, 'Delta Polytechnic, Ogwashi-uku', 'DPOG'),
(25, 'Delta Polytechnic, Oghara', 'DPOGH'),
(26, 'Delta Polytechnic, Ozoro', 'DPOZ'),
(27, 'Delta State Independent Electoral Commission', 'DSIEC'),
(28, 'Directorate of Security and Political Matters', 'DSPM'),
(29, 'Delta State Sports Commission', 'DSSC'),
(30, 'Directorate of Youth Affairs', 'DYA'),
(31, 'Minsitry of Environment', 'ENV'),
(32, 'Directorate of Establishment & Pension', 'EST'),
(34, 'Ministry of Finance', 'FIN'),
(35, 'Government House Annex, Warri', 'GHA'),
(36, 'High Court', 'HCrt'),
(37, 'Office of the Hon Commissioner for Special Duties', 'HCSD'),
(38, 'Hospital Management Board', 'HMB'),
(39, 'House of Assembly', 'HOAss'),
(40, 'Office of the Head of Service', 'HOS'),
(41, 'Institute of Continuing Education', 'ICE'),
(42, 'Minsitry of Lands, Survey & Urban Development', 'LAS'),
(43, 'Directorate of Local Government Affairs & Chief', 'LGA'),
(44, 'Library Board', 'LiBrd'),
(45, 'MInistry of Commerce and Industry', 'MCI'),
(46, 'State office MDG', 'MDG'),
(47, 'Ministry of Edurcation (Basic & Secondary)', 'MEBS'),
(48, 'Ministry of Energy', 'MEGY'),
(49, 'Ministry of Econimis Planning', 'MEP'),
(50, 'Ministry of Higher Education', 'MHE'),
(51, 'Ministry of Health', 'MHLT'),
(52, 'Ministry of Housing', 'MHse'),
(53, 'Ministry of Information', 'MInfo'),
(54, 'Ministry of Justice', 'MJC'),
(55, 'Ministry of Transport', 'MTrans'),
(56, 'Ministry of Women Affairs', 'MWA'),
(57, 'MInistry of Works', 'MWKS'),
(58, 'Office of the Deputy Governor', 'ODG'),
(59, 'Post Primanry Education Board', 'PPEB'),
(60, 'Printing And Publishing', 'PPub'),
(61, 'Office of the Private Secretary to the Governor', 'PSG'),
(62, 'Rural Development Agency', 'RDA'),
(63, 'State Bureau of Pensions', 'SBP'),
(64, 'State Emergency Management Agency', 'SEMA'),
(65, 'School of Marine Technology', 'SMT'),
(66, 'Office of the Secretary to the State Government', 'SSG'),
(67, 'State Specialist Teaching Hospital, Oghara', 'SSTH'),
(68, 'Science and Technology', 'STech'),
(69, 'State Judiciary', 'StJud'),
(70, 'State Universal Basic Education Board', 'SUBEB'),
(71, 'Office of Surveyor General', 'SVG'),
(72, 'For trials and test docs', 'TEST'),
(73, 'Traditional Affairs', 'TradAff'),
(74, 'Urban Water Board', 'UWB'),
(75, 'Waste Management Board', 'WMB'),
(76, 'Ministry of Water Resources Development', 'WRD');

-- --------------------------------------------------------

--
-- Table structure for table `personal_record`
--

CREATE TABLE IF NOT EXISTS `personal_record` (
  `id` varchar(20) NOT NULL,
  `p_title` varchar(255) NOT NULL,
  `sex` varchar(255) NOT NULL,
  `fname` varchar(255) NOT NULL,
  `mname` varchar(255) NOT NULL,
  `sname` varchar(255) NOT NULL,
  `maidname` varchar(255) NOT NULL,
  `don` varchar(255) NOT NULL,
  `height` varchar(255) NOT NULL,
  `phone` varchar(255) NOT NULL,
  `dob` varchar(255) NOT NULL,
  `mstatus` varchar(255) NOT NULL,
  `religion` varchar(255) NOT NULL,
  `street` varchar(255) NOT NULL,
  `city` varchar(255) NOT NULL,
  `lga` varchar(255) NOT NULL,
  `bgroup` varchar(255) NOT NULL,
  `rhesus` varchar(255) NOT NULL,
  `noksn` varchar(255) NOT NULL,
  `nokon` varchar(255) NOT NULL,
  `nokad_street` varchar(255) NOT NULL,
  `nokad_city` varchar(255) NOT NULL,
  `rship` varchar(255) NOT NULL,
  `nokpn` varchar(255) NOT NULL,
  `password` varchar(10) NOT NULL,
  `validate` tinyint(1) NOT NULL DEFAULT '0',
  `reg_date` varchar(255) NOT NULL,
  PRIMARY KEY (`id`),
  UNIQUE KEY `id` (`id`)
) ENGINE=InnoDB DEFAULT CHARSET=latin1;

--
-- Dumping data for table `personal_record`
--

INSERT INTO `personal_record` (`id`, `p_title`, `sex`, `fname`, `mname`, `sname`, `maidname`, `don`, `height`, `phone`, `dob`, `mstatus`, `religion`, `street`, `city`, `lga`, `bgroup`, `rhesus`, `noksn`, `nokon`, `nokad_street`, `nokad_city`, `rship`, `nokpn`, `password`, `validate`, `reg_date`) VALUES
('FL00000941', 'Mr', 'm', 'BRIGHT', 'OKEFE', 'UGBOGBO', '', '', '2.1', '08032828733', '1971-04-20', 'Divorced', 'Christian', 'no 22 okosimi district, Agbor', 'Agbor', 'ukwani', 'AB', '+', 'ffdhfgh', 'fgfdhfgh', 'ffghf', 'fgfgfg', 'gffgfg', '08121212809', 'FL00000941', 1, '27-08-2014  02:41 PM'),
('FL00000942', 'Mr', 'm', 'JOSEPH', '', 'EGBE', '', '', '2.3', '08032828733', '1971-04-13', 'Married', 'Christian', 'gfgg', 'sdgrtre', 'isoko south', 'O', '-', 'grrgh', 'dggrg', 'grgrgg', 'grgrgr', 'grgrg', '08121212809', 'FL00000942', 1, '27-08-2014  03:14 PM'),
('FL00000943', 'Chief', 'm', 'GODDEY', '', 'EMOVWERHA', '', '', '2.4', '08032828733', '2007-05-19', 'Married', 'Others', 'sfdfdhf', 'ffgh', 'warri north', 'A', '+', 'fhfh', 'fhgh', 'ghgh', 'gfhghgt', 'hghgh', '08121212809', 'FL00000943', 1, '27-08-2014  06:34 PM'),
('FL00000945', '', '', 'LUCKY', '', 'SAGAY', '', '', '', '', '', '', '', '', '', '', '', '', '', '', '', '', '', '', 'FL00000945', 0, ''),
('FL00000947', '', '', 'PET', 'CHUKWUNALU', 'OPONE', '', '', '', '', '', '', '', '', '', '', '', '', '', '', '', '', '', '', 'FL00000947', 0, ''),
('FL00000948', '', '', 'ANGELA', '', 'ERAYOMA', '', '', '', '', '', '', '', '', '', '', '', '', '', '', '', '', '', '', 'FL00000948', 0, ''),
('FL00000949', '', '', 'JOYCE', '', 'OSANEBI-ABU', '', '', '', '', '', '', '', '', '', '', '', '', '', '', '', '', '', '', 'FL00000949', 0, ''),
('FL00000950', '', '', 'ETHEL', '', 'URUNEDEN', '', '', '', '', '', '', '', '', '', '', '', '', '', '', '', '', '', '', 'FL00000950', 0, ''),
('FL00000951', 'Prof', 'm', 'MARTINS', 'ANYANTUA', 'OLOROGUN', '', '', '2.3', '08032828733', '27-09-1974', 'Widowed', 'Christian', 'no home address yet', 'no city to live man!', 'ughelli north', 'AB', '-', 'Samuel', 'Ajayi Crowder', 'no home yet', 'no city at all!', 'just a pen pal', '08121212809', 'FL00000951', 1, '30-08-2014  01:37 PM'),
('FL00000952', 'Mr', 'm', 'JULIET', 'EBY', 'OFUNE', '', '', '2', '08121212809', '1995-01-03', 'Divorced', 'Muslim', 'wbdhffdgf', 'dgfhghgfjhfhj', 'ughelli north', 'AB', '+', 'sgdfhjjtyutrhtruyu', 'fjhjhjgfhgfh', 'dhgjktik', 'dfhgfjtykutikut', 'wetuyuiuy', '08032828733', 'FL00000952', 1, '08-09-2014  04:24 PM'),
('FL00000953', '', '', 'KENNETH', '', 'GUWOR', '', '', '', '', '', '', '', '', '', '', '', '', '', '', '', '', '', '', 'FL00000953', 0, ''),
('FL00000954', '', '', 'OBIAGELI', '', 'METUIWE', '', '', '', '', '', '', '', '', '', '', '', '', '', '', '', '', '', '', 'FL00000954', 0, ''),
('FL00000955', '', '', 'ANTHONY', '', 'ISENIHWE', '', '', '', '', '', '', '', '', '', '', '', '', '', '', '', '', '', '', 'FL00000955', 0, ''),
('FL00000956', '', '', 'NGOZI', '', 'KENUBIA', '', '', '', '', '', '', '', '', '', '', '', '', '', '', '', '', '', '', 'FL00000956', 0, ''),
('FL00000957', '', '', 'JOSEPH', '', 'AGBAMUCHE', '', '', '', '', '', '', '', '', '', '', '', '', '', '', '', '', '', '', 'FL00000957', 0, ''),
('FL00000958', '', '', 'CHUKWUMA', '', 'EMEFIELE', '', '', '', '', '', '', '', '', '', '', '', '', '', '', '', '', '', '', 'FL00000958', 0, ''),
('FL00000959', '', '', 'EYELAOWEI', 'GODFREY', 'OKOYE', '', '', '', '', '', '', '', '', '', '', '', '', '', '', '', '', '', '', 'FL00000959', 0, ''),
('FL00000960', 'Dr', 'm', 'MOSES', 'INNOCENT', 'OJOBOR', '', '', '1.81', '2348038560704', '2014-08-13', 'Single', 'Pegan', '14A Amadasun Street', 'Benin-City', 'ika south', 'B', '+', 'stytutry', 'rytytutruuru', 'Secretariat Building - Block D', 'High Court Road GRA', 'yrtytutu', '2348038560704', 'FL00000960', 1, '08-09-2014  03:37 PM'),
('FL00000961', '', '', 'OBUSEH', 'O', 'AMBROSE', '', '', '', '', '', '', '', '', '', '', '', '', '', '', '', '', '', '', 'FL00000961', 0, ''),
('FL00000962', '', '', 'GODSPOWER', '', 'AKE', '', '', '', '', '', '', '', '', '', '', '', '', '', '', '', '', '', '', 'FL00000962', 0, ''),
('FL00000963', '', '', 'IKECHUKWU', '', 'NDUKA', '', '', '', '', '', '', '', '', '', '', '', '', '', '', '', '', '', '', 'FL00000963', 0, ''),
('FL00000964', '', '', 'OMAVIS', 'AUGUSTINE', 'UGOLO', '', '', '', '', '', '', '', '', '', '', '', '', '', '', '', '', '', '', 'FL00000964', 0, ''),
('FL00000965', '', '', 'FESTUS', '', 'DEIGHAN', '', '', '', '', '', '', '', '', '', '', '', '', '', '', '', '', '', '', 'FL00000965', 0, ''),
('FL00000966', '', '', 'PATRICK', 'EBIAREMOWEI', 'APODOR', '', '', '', '', '', '', '', '', '', '', '', '', '', '', '', '', '', '', 'FL00000966', 0, ''),
('FL00000967', '', '', 'BEATRICE', '', 'SEMITEJE', '', '', '', '', '', '', '', '', '', '', '', '', '', '', '', '', '', '', 'FL00000967', 0, ''),
('FL00000968', '', '', 'ANTHONY', '', 'AKEMOTUBO', '', '', '', '', '', '', '', '', '', '', '', '', '', '', '', '', '', '', 'FL00000968', 0, ''),
('FL00000969', '', '', 'FIDELIS', 'OPOTIE', 'ERIJOH', '', '', '', '', '', '', '', '', '', '', '', '', '', '', '', '', '', '', 'FL00000969', 0, ''),
('FL00000970', '', '', 'MERCY', '', 'OMABUWA', '', '', '', '', '', '', '', '', '', '', '', '', '', '', '', '', '', '', 'FL00000970', 0, ''),
('FL00000971', '', '', 'SYLVESTER', 'AZUKA', 'UTULU', '', '', '', '', '', '', '', '', '', '', '', '', '', '', '', '', '', '', 'FL00000971', 0, ''),
('FL00000972', '', '', 'ODIAKOSE', '', 'BONIFACE', '', '', '', '', '', '', '', '', '', '', '', '', '', '', '', '', '', '', 'FL00000972', 0, ''),
('FL00000973', '', '', 'FELIX', 'CHUKWUDI', 'ABANUM', '', '', '', '', '', '', '', '', '', '', '', '', '', '', '', '', '', '', 'FL00000973', 0, ''),
('FL00000974', '', '', 'OKAH', 'AKPOMIEMIE', 'EMUNOMOO', '', '', '', '', '', '', '', '', '', '', '', '', '', '', '', '', '', '', 'FL00000974', 0, ''),
('FL00000975', '', '', 'CHRISTY', '', 'OLOMU', '', '', '', '', '', '', '', '', '', '', '', '', '', '', '', '', '', '', 'FL00000975', 0, ''),
('FL00000976', '', '', 'ELIZABETH', 'OHWO', 'JAHO', '', '', '', '', '', '', '', '', '', '', '', '', '', '', '', '', '', '', 'FL00000976', 0, ''),
('FL00000977', '', '', 'EZE', 'KWAME', 'ORDU', '', '', '', '', '', '', '', '', '', '', '', '', '', '', '', '', '', '', 'FL00000977', 0, ''),
('FL00000978', '', '', 'O', 'GODWIN', 'KPOGBAN', '', '', '', '', '', '', '', '', '', '', '', '', '', '', '', '', '', '', 'FL00000978', 0, ''),
('FL00000979', '', '', 'TENNYSON', '', 'EMAFIDON', '', '', '', '', '', '', '', '', '', '', '', '', '', '', '', '', '', '', 'FL00000979', 0, ''),
('FL00000980', '', '', 'ANTHONY', '', 'ONYEOSOR', '', '', '', '', '', '', '', '', '', '', '', '', '', '', '', '', '', '', 'FL00000980', 0, ''),
('FL00000981', '', '', 'AUGUSTINE', '', 'KPEKI', '', '', '', '', '', '', '', '', '', '', '', '', '', '', '', '', '', '', 'FL00000981', 0, ''),
('FL00000982', '', '', 'EDWIN', '', 'BANEBO', '', '', '', '', '', '', '', '', '', '', '', '', '', '', '', '', '', '', 'FL00000982', 0, ''),
('FL00000983', '', '', 'NONYELUM', 'EMMANUEL', 'OKAFOR', '', '', '', '', '', '', '', '', '', '', '', '', '', '', '', '', '', '', 'FL00000983', 0, ''),
('FL00000984', '', '', 'IGHO', 'L', 'ORHOTEVWESURE', '', '', '', '', '', '', '', '', '', '', '', '', '', '', '', '', '', '', 'FL00000984', 0, ''),
('FL00000985', '', '', 'CHRISTIANA', 'DUMEBI', 'OBI', '', '', '', '', '', '', '', '', '', '', '', '', '', '', '', '', '', '', 'FL00000985', 0, ''),
('FL00000986', '', '', 'FREDRICK', 'O', 'NWABARDI', '', '', '', '', '', '', '', '', '', '', '', '', '', '', '', '', '', '', 'FL00000986', 0, ''),
('FL00000987', '', '', 'AKPOME', '', 'EREBOR', '', '', '', '', '', '', '', '', '', '', '', '', '', '', '', '', '', '', 'FL00000987', 0, ''),
('FL00000988', '', '', 'FELICIA', '', 'AWUSA', '', '', '', '', '', '', '', '', '', '', '', '', '', '', '', '', '', '', 'FL00000988', 0, ''),
('FL00000989', '', '', 'VICTOR', '', 'SARAMO', '', '', '', '', '', '', '', '', '', '', '', '', '', '', '', '', '', '', 'FL00000989', 0, ''),
('FL00000990', '', '', 'DICKSON', '', 'EKWUSAMA', '', '', '', '', '', '', '', '', '', '', '', '', '', '', '', '', '', '', 'FL00000990', 0, ''),
('FL00000991', '', '', 'OTIOTIO', 'OMUVWIE', 'AYO', '', '', '', '', '', '', '', '', '', '', '', '', '', '', '', '', '', '', 'FL00000991', 0, ''),
('FL00000992', '', '', 'UMEBEI', 'AUGUSTA', 'OKOLIE', '', '', '', '', '', '', '', '', '', '', '', '', '', '', '', '', '', '', 'FL00000992', 0, ''),
('FL00000993', '', '', 'EARNEST', 'NELMAN', 'AJEH', '', '', '', '', '', '', '', '', '', '', '', '', '', '', '', '', '', '', 'FL00000993', 0, ''),
('FL00000994', '', '', 'DORCAS', '', 'AMODU', '', '', '', '', '', '', '', '', '', '', '', '', '', '', '', '', '', '', 'FL00000994', 0, ''),
('FL00000995', '', '', 'JUSTIN', '', 'ESE', '', '', '', '', '', '', '', '', '', '', '', '', '', '', '', '', '', '', 'FL00000995', 0, ''),
('FL00000996', '', '', 'UFUOMA', '', 'ENAKIRERHI', '', '', '', '', '', '', '', '', '', '', '', '', '', '', '', '', '', '', 'FL00000996', 0, ''),
('FL00000997', '', '', 'LUCKY', '', 'MONYE', '', '', '', '', '', '', '', '', '', '', '', '', '', '', '', '', '', '', 'FL00000997', 0, ''),
('FL00000998', '', '', 'CHARITY', 'URUEMUESIRI', 'AKI', '', '', '', '', '', '', '', '', '', '', '', '', '', '', '', '', '', '', 'FL00000998', 0, ''),
('FL00000999', '', '', 'IDEGBE', 'ANTHONY', 'ONOWU', '', '', '', '', '', '', '', '', '', '', '', '', '', '', '', '', '', '', 'FL00000999', 0, ''),
('FL00001000', '', '', 'JOHN', '', 'OKITIAKPE', '', '', '', '', '', '', '', '', '', '', '', '', '', '', '', '', '', '', 'FL00001000', 0, ''),
('FL00001001', '', '', 'JOSEPH', '', 'OMUGHELE', '', '', '', '', '', '', '', '', '', '', '', '', '', '', '', '', '', '', 'FL00001001', 0, ''),
('FL00001002', '', '', 'OVWIGHOVWIRORO', 'SOLOMON', 'IFERE', '', '', '', '', '', '', '', '', '', '', '', '', '', '', '', '', '', '', 'FL00001002', 0, ''),
('FL00001003', '', '', 'VIOLET', 'OTSOWODE', 'OMATSONE', '', '', '', '', '', '', '', '', '', '', '', '', '', '', '', '', '', '', 'FL00001003', 0, ''),
('FL00001004', '', '', 'AUGUSTINE', 'EMEKA', 'OKAFOR', '', '', '', '', '', '', '', '', '', '', '', '', '', '', '', '', '', '', 'FL00001004', 0, ''),
('FL00001005', '', '', 'DANIEL', '', 'JOBOMEH', '', '', '', '', '', '', '', '', '', '', '', '', '', '', '', '', '', '', 'FL00001005', 0, ''),
('FL00001006', '', '', 'ANN', '', 'ORENI', '', '', '', '', '', '', '', '', '', '', '', '', '', '', '', '', '', '', 'FL00001006', 0, ''),
('FL00001007', '', '', 'SAMSON', '', 'OGOHA', '', '', '', '', '', '', '', '', '', '', '', '', '', '', '', '', '', '', 'FL00001007', 0, ''),
('FL00001008', '', '', 'JOHNSON', '', 'DIBOFU', '', '', '', '', '', '', '', '', '', '', '', '', '', '', '', '', '', '', 'FL00001008', 0, ''),
('FL00001009', '', '', 'TONY', 'ANUKWU', 'JOSEPHINE', '', '', '', '', '', '', '', '', '', '', '', '', '', '', '', '', '', '', 'FL00001009', 0, ''),
('FL00001010', '', '', 'OKORO', '', 'OMONIGHO', '', '', '', '', '', '', '', '', '', '', '', '', '', '', '', '', '', '', 'FL00001010', 0, ''),
('FL00001011', '', '', 'SAMCO', 'EFE', 'SAM-ONOMRE', '', '', '', '', '', '', '', '', '', '', '', '', '', '', '', '', '', '', 'FL00001011', 0, ''),
('FL00001012', '', '', 'MONICA', 'ABIODUN', 'EDEMA', '', '', '', '', '', '', '', '', '', '', '', '', '', '', '', '', '', '', 'FL00001012', 0, ''),
('FL00001013', '', '', 'A.', 'S', 'AJAGBAWA', '', '', '', '', '', '', '', '', '', '', '', '', '', '', '', '', '', '', 'FL00001013', 0, ''),
('FL00001014', '', '', 'JOHN', '', 'EDUN', '', '', '', '', '', '', '', '', '', '', '', '', '', '', '', '', '', '', 'FL00001014', 0, ''),
('FL00001015', '', '', 'ADA', 'MAUREEN', 'KUYOMAH', '', '', '', '', '', '', '', '', '', '', '', '', '', '', '', '', '', '', 'FL00001015', 0, ''),
('FL00001016', '', '', 'PAUL', 'IKECHUKWU', 'OJUGBANA', '', '', '', '', '', '', '', '', '', '', '', '', '', '', '', '', '', '', 'FL00001016', 0, ''),
('FL00001017', '', '', 'BEMIGHO', 'JEREMIAH', 'OMETIE', '', '', '', '', '', '', '', '', '', '', '', '', '', '', '', '', '', '', 'FL00001017', 0, ''),
('FL00001018', '', '', 'AJIRI', '', 'SAMUEL', '', '', '', '', '', '', '', '', '', '', '', '', '', '', '', '', '', '', 'FL00001018', 0, ''),
('FL00001019', '', '', 'FAVOUR', '', 'OKORO', '', '', '', '', '', '', '', '', '', '', '', '', '', '', '', '', '', '', 'FL00001019', 0, ''),
('FL00001020', '', '', 'EMMANUEL', '', 'IDUGU', '', '', '', '', '', '', '', '', '', '', '', '', '', '', '', '', '', '', 'FL00001020', 0, ''),
('FL00001021', '', '', 'OFEORITSE', '', 'OGHARANDUKUN', '', '', '', '', '', '', '', '', '', '', '', '', '', '', '', '', '', '', 'FL00001021', 0, ''),
('FL00001022', '', '', 'PATRICK', '', 'MIOKO', '', '', '', '', '', '', '', '', '', '', '', '', '', '', '', '', '', '', 'FL00001022', 0, ''),
('FL00001023', '', '', 'RAYMOND', 'EMEKA', 'MOKOLO', '', '', '', '', '', '', '', '', '', '', '', '', '', '', '', '', '', '', 'FL00001023', 0, ''),
('FL00001025', '', '', 'JAMES', 'UBIAROKO', 'EREDEMI', '', '', '', '', '', '', '', '', '', '', '', '', '', '', '', '', '', '', 'FL00001025', 0, ''),
('FL00001026', '', '', 'HELEN', '', 'CHUKWURAH', '', '', '', '', '', '', '', '', '', '', '', '', '', '', '', '', '', '', 'FL00001026', 0, ''),
('FL00001027', '', '', 'VERO', '', 'GERE', '', '', '', '', '', '', '', '', '', '', '', '', '', '', '', '', '', '', 'FL00001027', 0, ''),
('FL00001028', '', '', 'UCHE', 'OKAFOR', 'UDEKA', '', '', '', '', '', '', '', '', '', '', '', '', '', '', '', '', '', '', 'FL00001028', 0, ''),
('FL00001029', '', '', 'ESTHER', '', 'ONWUKA', '', '', '', '', '', '', '', '', '', '', '', '', '', '', '', '', '', '', 'FL00001029', 0, ''),
('FL00001030', '', '', 'ANTHONY', '', 'COLE', '', '', '', '', '', '', '', '', '', '', '', '', '', '', '', '', '', '', 'FL00001030', 0, ''),
('FL00001031', '', '', 'ALEX', '', 'ENEGIDE', '', '', '', '', '', '', '', '', '', '', '', '', '', '', '', '', '', '', 'FL00001031', 0, ''),
('FL00001032', '', '', 'ROLAND', '', 'EYANKWAIRE', '', '', '', '', '', '', '', '', '', '', '', '', '', '', '', '', '', '', 'FL00001032', 0, '');

-- --------------------------------------------------------

--
-- Table structure for table `training_record`
--

CREATE TABLE IF NOT EXISTS `training_record` (
  `personal_record_id` varchar(20) NOT NULL,
  `tracourse` text NOT NULL,
  PRIMARY KEY (`personal_record_id`),
  UNIQUE KEY `personal_record_id` (`personal_record_id`),
  UNIQUE KEY `personal_record_id_2` (`personal_record_id`)
) ENGINE=InnoDB DEFAULT CHARSET=latin1;

--
-- Dumping data for table `training_record`
--

INSERT INTO `training_record` (`personal_record_id`, `tracourse`) VALUES
('FL00000941', 'CCNA, CCNP'),
('FL00000942', 'Data Center Architect'),
('FL00000943', 'CCNA, CCNP'),
('FL00000951', 'Data Center Administrator'),
('FL00000952', '[{"course_name":"CCNA","certificate":"cert 1","from_yr":"2009","to_yr":"2012"}]'),
('FL00000960', '[{"course_name":"Mysql","certificate":"prof","from_yr":"2010","to_yr":"2012"}]');

/*!40101 SET CHARACTER_SET_CLIENT=@OLD_CHARACTER_SET_CLIENT */;
/*!40101 SET CHARACTER_SET_RESULTS=@OLD_CHARACTER_SET_RESULTS */;
/*!40101 SET COLLATION_CONNECTION=@OLD_COLLATION_CONNECTION */;
